brand	apiTheaterId	apiName	matchedScalaCaseObjectName	ourDisplayName
Showcase	X06JH	Showcase Bristol Avonmeads	ShowcaseBristolAvonmeads	Showcase Bristol Avonmeads
Showcase	X06JS	Showcase Cardiff Nantgarw	ShowcaseCinemaCardiff	Showcase Cardiff
Showcase	X06JR	Showcase Cinema de Lux Bluewater	ShowcaseDeLuxBluewater	Showcase de Lux Bluewater
Showcase	X06JI	Showcase Cinema de Lux Coventry	ShowcaseDeLuxCoventry	Showcase de Lux Coventry
Showcase	X08EM	Showcase Cinema de Lux Derby	ShowcaseCinemaDeLuxDerby	Showcase de Lux Derby
Showcase	X06JK	Showcase Cinema de Lux Leeds	ShowcaseDeLuxLeeds	Showcase de Lux Leeds
Showcase	X08NG	Showcase Cinema de Lux Leicester	ShowcaseDeLuxLeicester	Showcase de Lux Leicester
Showcase	X06JU	Showcase Cinema de Lux Liverpool	ShowcaseDeLuxLiverpool	Showcase de Lux Liverpool
Showcase	X06JN	Showcase Cinema de Lux Nottingham	ShowcaseDeLuxNottingham	Showcase de Lux Nottingham
Showcase	X06JO	Showcase Cinema de Lux Peterborough	ShowcaseDeLuxPeterborough	Showcase de Lux Peterborough
Showcase	X06KD	Showcase Cinema de Lux Reading	ShowcaseDeLuxReading	Showcase de Lux Reading
Showcase	X0XV2	Showcase Cinema de Lux Southampton	ShowcaseDeLuxSouthampton	Showcase de Lux Southampton
Showcase	X06JP	Showcase Cinema de Lux Teesside	ShowcaseCinemaDeLuxTeesside	Showcase de Lux Teesside
Showcase	X06JJ	Showcase Dudley	ShowcaseCinemaDudley	Showcase Dudley
Showcase	X06KE	Showcase Glasgow Coatbridge	ShowcaseGlasgowCoatbridge	Showcase Glasgow Coatbridge
Showcase	X06KC	Showcase Glasgow Paisley	ShowcaseDeLuxPaisley	Showcase de Lux Paisley
Everyman	X11DP	Everyman Altrincham	EverymanCinemaAltrincham	Everyman Altrincham
Everyman	G05D7	Everyman At The Whiteley	EverymanAtTheWhiteleyLondon	Everyman at The Whiteley London
Everyman	X0712	Everyman Baker Street	EverymanCinemaBakerStreet	Everyman Baker Street
Everyman	X06SI	Everyman Barnet	EverymanCinemaBarnet	Everyman Barnet
Everyman	G01VT	Everyman Bath	EverymanBath	Everyman Bath
Everyman	X077P	Everyman Belsize Park	EverymanCinemaBelsizeParkHampstead	Everyman Belsize Park Hampstead
Everyman	X0VHE	Everyman Birmingham Mailbox	EverymanCinemaBirmingham	Everyman Birmingham
Everyman	G011I	Everyman Borough Yards	EverymanCinemaBoroughYards	Everyman Borough Yards
Everyman	G049A	Everyman Brentford	EverymanBrentford	Everyman Brentford
Everyman	X0X3Q	Everyman Bristol	EverymanCinemaBristol	Everyman Bristol
Everyman	X11NT	Everyman Broadgate	EverymanCinemaBroadgate	Everyman Broadgate
Everyman	G0210	Everyman Bury St Edmunds	EverymanBuryStEdmunds	Everyman Bury St Edmunds
Everyman	G02AM	Everyman Cambridge	EverymanCinemaCambridge	Everyman Cambridge
Everyman	X0VPB	Everyman Canary Wharf	EverymanCinemaCanaryWharf	Everyman Canary Wharf
Everyman	X11NU	Everyman Cardiff	EverymanCinemaCardiff	Everyman Cardiff
Everyman	X0XMY	Everyman Chelmsford	EverymanCinemaChelmsford	Everyman Chelmsford
Everyman	X078X	Everyman Chelsea	EverymanCinemaChelsea	Everyman Chelsea
Everyman	G01VU	Everyman Cheltenham	EverymanCheltenham	Everyman Cheltenham
Everyman	X11NR	Everyman Clitheroe	EverymanCinemaClitheroe	Everyman Clitheroe
Everyman	X11DR	Everyman Crystal Palace	EverymanCinemaCrystalPalace	Everyman Crystal Palace
Everyman	G01IW	Everyman Durham	EverymanCinemaDurham	Everyman Durham
Everyman	G018L	Everyman Edinburgh	EverymanCinemaEdinburgh	Everyman Edinburgh
Everyman	G01HI	Everyman Egham	EverymanCinemaEgham	Everyman Egham
Everyman	X06UF	Everyman Esher	EverymanCinemaEsher	Everyman Esher
Everyman	X06SK	Everyman Gerrards Cross	EverymanCinemaGerrardsCross	Everyman Gerrards Cross
Everyman	X11DQ	Everyman Glasgow	EverymanCinemaGlasgow	Everyman Glasgow
Everyman	X06ZW	Everyman Hampstead	EverymanCinemaHampstead	Everyman Hampstead
Everyman	X0X9K	Everyman Harrogate	EverymanCinemaHarrogate	Everyman Harrogate
Everyman	X11LP	Everyman Horsham	EverymanCinemaHorsham	Everyman Horsham
Everyman	X0X5P	Everyman Kings Cross	EverymanCinemaKingSCross	Everyman King's Cross
Everyman	X0QM5	Everyman Leeds	EverymanCinemaLeeds	Everyman Leeds
Everyman	G004G	Everyman Lincoln	EverymanCinemaLincoln	Everyman Lincoln
Everyman	X11I7	Everyman Liverpool	EverymanCinemaLiverpool	Everyman Liverpool
Everyman	X0LWI	Everyman Maida Vale	EverymanCinemaMaidaVale	Everyman Maida Vale
Everyman	X11NP	Everyman Manchester St Johns	EverymanManchesterStJohns	Everyman Manchester St John's
Everyman	G01RL	Everyman Marlow	EverymanCinemaMarlow	Everyman Marlow
Everyman	X06SN	Everyman Muswell Hill	EverymanCinemaMuswellHill	Everyman Muswell Hill
Everyman	X11KB	Everyman Newcastle	EverymanCinemaNewcastle	Everyman Newcastle
Everyman	G01OJ	Everyman Northallerton	EverymanCinemaNorthallerton	Everyman Northallerton
Everyman	X070Y	Everyman Oxted	EverymanCinemaOxted	Everyman Oxted
Everyman	G01RJ	Everyman Plymouth	EverymanCinemaPlymouth	Everyman Plymouth
Everyman	X070X	Everyman Reigate	EverymanCinemaReigate	Everyman Reigate
Everyman	G01QM	Everyman Salisbury	EverymanCinemaSalisbury	Everyman Salisbury
Everyman	X077O	Everyman Screen On The Green	EverymanCinemaIslington	Everyman Screen on the Green Islington
Everyman	G029X	Everyman Stratford International	EverymanCinemaStratfordInternational	Everyman Stratford International
Everyman	X0YZU	Everyman Stratford Upon Avon	EverymanCinemaStratfordUponAvon	Everyman Stratford-upon-Avon
Everyman	X0710	Everyman Walton	EverymanCinemaWaltonOnThames	Everyman Walton
Everyman	X0711	Everyman Winchester	EverymanCinemaWinchester	Everyman Winchester
Everyman	X11NV	Everyman Wokingham	EverymanCinemaWokingham	Everyman Wokingham
Everyman	X06TJ	Everyman York	EverymanCinemaYork	Everyman York
# OURS-WITH-NO-API-MATCH
